<?xml version="1.0" encoding="UTF-8"?>
<export version="D">
  <design>
    <source>C:\Users\Gebruiker\Documents\1 School\Master\LaboEmbeddedSystems2GitHubMap\Embedded-Systems-II-Lab\VoedingDesign_pcb\schema_pcb\schema_pcb.sch</source>
    <date>17/04/2020 14:46:09</date>
    <tool>Eeschema (5.0.1)-3</tool>
    <sheet number="1" name="/" tstamps="/">
      <title_block>
        <title/>
        <company/>
        <rev/>
        <date/>
        <source>schema_pcb.sch</source>
        <comment number="1" value=""/>
        <comment number="2" value=""/>
        <comment number="3" value=""/>
        <comment number="4" value=""/>
      </title_block>
    </sheet>
    <sheet number="2" name="/supercapLoader/" tstamps="/5E7E129C/">
      <title_block>
        <title/>
        <company/>
        <rev/>
        <date/>
        <source>supercapLoader.sch</source>
        <comment number="1" value=""/>
        <comment number="2" value=""/>
        <comment number="3" value=""/>
        <comment number="4" value=""/>
      </title_block>
    </sheet>
    <sheet number="3" name="/BatteryLoader/" tstamps="/5E7E12A3/">
      <title_block>
        <title/>
        <company/>
        <rev/>
        <date/>
        <source>BatteryLoader.sch</source>
        <comment number="1" value=""/>
        <comment number="2" value=""/>
        <comment number="3" value=""/>
        <comment number="4" value=""/>
      </title_block>
    </sheet>
  </design>
  <components>
    <comp ref="U1">
      <value>SPV1050TTR</value>
      <footprint>extraFootprints:QFN40P300X300X100-21N</footprint>
      <datasheet>ST microelectronics</datasheet>
      <libsource lib="SPV1050TTR" part="SPV1050TTR" description=""/>
      <sheetpath names="/supercapLoader/" tstamps="/5E7E129C/"/>
      <tstamp>5E7E12E4</tstamp>
    </comp>
    <comp ref="R2">
      <value>560 K</value>
      <footprint>Resistor_SMD:R_1206_3216Metric_Pad1.42x1.75mm_HandSolder</footprint>
      <datasheet>~</datasheet>
      <libsource lib="Device" part="R" description="Resistor"/>
      <sheetpath names="/supercapLoader/" tstamps="/5E7E129C/"/>
      <tstamp>5E7E4040</tstamp>
    </comp>
    <comp ref="R3">
      <value>2.7 M</value>
      <footprint>Resistor_SMD:R_1206_3216Metric_Pad1.42x1.75mm_HandSolder</footprint>
      <datasheet>~</datasheet>
      <libsource lib="Device" part="R" description="Resistor"/>
      <sheetpath names="/supercapLoader/" tstamps="/5E7E129C/"/>
      <tstamp>5E7E4132</tstamp>
    </comp>
    <comp ref="R1">
      <value>10 M</value>
      <footprint>Resistor_SMD:R_1206_3216Metric_Pad1.42x1.75mm_HandSolder</footprint>
      <datasheet>~</datasheet>
      <libsource lib="Device" part="R" description="Resistor"/>
      <sheetpath names="/supercapLoader/" tstamps="/5E7E129C/"/>
      <tstamp>5E7E41B0</tstamp>
    </comp>
    <comp ref="Cin1_1">
      <value>1 uF</value>
      <footprint>Capacitor_SMD:C_0603_1608Metric_Pad1.05x0.95mm_HandSolder</footprint>
      <datasheet>~</datasheet>
      <libsource lib="Device" part="C" description="Unpolarized capacitor"/>
      <sheetpath names="/supercapLoader/" tstamps="/5E7E129C/"/>
      <tstamp>5E7E428F</tstamp>
    </comp>
    <comp ref="C1">
      <value>10 nF</value>
      <footprint>Capacitor_SMD:C_0805_2012Metric_Pad1.15x1.40mm_HandSolder</footprint>
      <datasheet>~</datasheet>
      <libsource lib="Device" part="C" description="Unpolarized capacitor"/>
      <sheetpath names="/supercapLoader/" tstamps="/5E7E129C/"/>
      <tstamp>5E7E4354</tstamp>
    </comp>
    <comp ref="J1">
      <value>conn_solarpanel</value>
      <footprint>Connector_PinHeader_2.54mm:PinHeader_1x02_P2.54mm_Vertical</footprint>
      <datasheet>~</datasheet>
      <libsource lib="Connector" part="Conn_01x02_Female" description="Generic connector, single row, 01x02, script generated (kicad-library-utils/schlib/autogen/connector/)"/>
      <sheetpath names="/supercapLoader/" tstamps="/5E7E129C/"/>
      <tstamp>5E7E5DEE</tstamp>
    </comp>
    <comp ref="L1">
      <value>22 uH</value>
      <footprint>Inductor_SMD:L_Coilcraft_XxL4040</footprint>
      <datasheet>~</datasheet>
      <libsource lib="Device" part="L" description="Inductor"/>
      <sheetpath names="/supercapLoader/" tstamps="/5E7E129C/"/>
      <tstamp>5E7E7325</tstamp>
    </comp>
    <comp ref="C4">
      <value>100 nF</value>
      <footprint>Capacitor_SMD:C_0805_2012Metric_Pad1.15x1.40mm_HandSolder</footprint>
      <datasheet>~</datasheet>
      <libsource lib="Device" part="C" description="Unpolarized capacitor"/>
      <sheetpath names="/supercapLoader/" tstamps="/5E7E129C/"/>
      <tstamp>5E7E801B</tstamp>
    </comp>
    <comp ref="C3">
      <value>100 nF</value>
      <footprint>Capacitor_SMD:C_0805_2012Metric_Pad1.15x1.40mm_HandSolder</footprint>
      <datasheet>~</datasheet>
      <libsource lib="Device" part="C" description="Unpolarized capacitor"/>
      <sheetpath names="/supercapLoader/" tstamps="/5E7E129C/"/>
      <tstamp>5E7E80E8</tstamp>
    </comp>
    <comp ref="CSTORE1">
      <value>47 uF</value>
      <footprint>Capacitor_SMD:CP_Elec_6.3x5.3</footprint>
      <datasheet>~</datasheet>
      <libsource lib="Device" part="C" description="Unpolarized capacitor"/>
      <sheetpath names="/supercapLoader/" tstamps="/5E7E129C/"/>
      <tstamp>5E7EB0D9</tstamp>
    </comp>
    <comp ref="R4">
      <value>3.9 M</value>
      <footprint>Resistor_SMD:R_1206_3216Metric_Pad1.42x1.75mm_HandSolder</footprint>
      <datasheet>~</datasheet>
      <libsource lib="Device" part="R" description="Resistor"/>
      <sheetpath names="/supercapLoader/" tstamps="/5E7E129C/"/>
      <tstamp>5E7F5204</tstamp>
    </comp>
    <comp ref="R5">
      <value>1.5 M</value>
      <footprint>Resistor_SMD:R_1206_3216Metric_Pad1.42x1.75mm_HandSolder</footprint>
      <datasheet>~</datasheet>
      <libsource lib="Device" part="R" description="Resistor"/>
      <sheetpath names="/supercapLoader/" tstamps="/5E7E129C/"/>
      <tstamp>5E7F754B</tstamp>
    </comp>
    <comp ref="R6">
      <value>7.5 M</value>
      <footprint>Resistor_SMD:R_1206_3216Metric_Pad1.42x1.75mm_HandSolder</footprint>
      <datasheet>~</datasheet>
      <libsource lib="Device" part="R" description="Resistor"/>
      <sheetpath names="/supercapLoader/" tstamps="/5E7E129C/"/>
      <tstamp>5E7F75A3</tstamp>
    </comp>
    <comp ref="R7">
      <value>3.3 M</value>
      <footprint>Resistor_SMD:R_1206_3216Metric_Pad1.42x1.75mm_HandSolder</footprint>
      <datasheet>~</datasheet>
      <libsource lib="Device" part="R" description="Resistor"/>
      <sheetpath names="/supercapLoader/" tstamps="/5E7E129C/"/>
      <tstamp>5E8094EB</tstamp>
    </comp>
    <comp ref="C2">
      <value>470 nF</value>
      <footprint>Capacitor_SMD:C_0805_2012Metric_Pad1.15x1.40mm_HandSolder</footprint>
      <datasheet>~</datasheet>
      <libsource lib="Device" part="C" description="Unpolarized capacitor"/>
      <sheetpath names="/supercapLoader/" tstamps="/5E7E129C/"/>
      <tstamp>5E81487A</tstamp>
    </comp>
    <comp ref="J4">
      <value>conn_supercap_meas_volt</value>
      <footprint>Connector_PinHeader_2.54mm:PinHeader_1x02_P2.54mm_Vertical</footprint>
      <datasheet>~</datasheet>
      <libsource lib="Connector" part="Conn_01x02_Female" description="Generic connector, single row, 01x02, script generated (kicad-library-utils/schlib/autogen/connector/)"/>
      <sheetpath names="/supercapLoader/" tstamps="/5E7E129C/"/>
      <tstamp>5E820395</tstamp>
    </comp>
    <comp ref="J2">
      <value>conn_meas_solarpanel</value>
      <footprint>Connector_PinHeader_2.54mm:PinHeader_1x02_P2.54mm_Vertical</footprint>
      <datasheet>~</datasheet>
      <libsource lib="Connector" part="Conn_01x02_Female" description="Generic connector, single row, 01x02, script generated (kicad-library-utils/schlib/autogen/connector/)"/>
      <sheetpath names="/supercapLoader/" tstamps="/5E7E129C/"/>
      <tstamp>5E82056B</tstamp>
    </comp>
    <comp ref="J3">
      <value>output_connect_pins</value>
      <footprint>Connector_PinHeader_2.54mm:PinHeader_1x02_P2.54mm_Vertical</footprint>
      <datasheet>~</datasheet>
      <libsource lib="Connector" part="Conn_01x02_Female" description="Generic connector, single row, 01x02, script generated (kicad-library-utils/schlib/autogen/connector/)"/>
      <sheetpath names="/supercapLoader/" tstamps="/5E7E129C/"/>
      <tstamp>5E82BD4A</tstamp>
    </comp>
    <comp ref="SUPERCAP1">
      <value>3.3 F</value>
      <footprint>Capacitor_THT:CP_Radial_D8.0mm_P3.50mm</footprint>
      <datasheet>~</datasheet>
      <libsource lib="Device" part="CP" description="Polarized capacitor"/>
      <sheetpath names="/supercapLoader/" tstamps="/5E7E129C/"/>
      <tstamp>5E833869</tstamp>
    </comp>
    <comp ref="U2">
      <value>BQ25505RGRR</value>
      <footprint>extraFootprints:BQ25505RGRR</footprint>
      <libsource lib="BQ25505RGRR" part="BQ25505RGRR" description=""/>
      <sheetpath names="/BatteryLoader/" tstamps="/5E7E12A3/"/>
      <tstamp>5E7E1716</tstamp>
    </comp>
    <comp ref="CIN1_2">
      <value>4.7 uF</value>
      <footprint>Capacitor_SMD:CP_Elec_6.3x5.3</footprint>
      <datasheet>~</datasheet>
      <libsource lib="Device" part="C" description="Unpolarized capacitor"/>
      <sheetpath names="/BatteryLoader/" tstamps="/5E7E12A3/"/>
      <tstamp>5E833BB2</tstamp>
    </comp>
    <comp ref="CREF2">
      <value>100 nF</value>
      <footprint>Capacitor_SMD:C_0805_2012Metric_Pad1.15x1.40mm_HandSolder</footprint>
      <datasheet>~</datasheet>
      <libsource lib="Device" part="C" description="Unpolarized capacitor"/>
      <sheetpath names="/BatteryLoader/" tstamps="/5E7E12A3/"/>
      <tstamp>5E833BEC</tstamp>
    </comp>
    <comp ref="L2">
      <value>22 uH</value>
      <footprint>Inductor_SMD:L_Coilcraft_XxL4040</footprint>
      <datasheet>~</datasheet>
      <libsource lib="Device" part="L" description="Inductor"/>
      <sheetpath names="/BatteryLoader/" tstamps="/5E7E12A3/"/>
      <tstamp>5E833D1E</tstamp>
    </comp>
    <comp ref="CBYP1">
      <value>0.1 uF</value>
      <footprint>Capacitor_SMD:C_0805_2012Metric_Pad1.15x1.40mm_HandSolder</footprint>
      <datasheet>~</datasheet>
      <libsource lib="Device" part="C" description="Unpolarized capacitor"/>
      <sheetpath names="/BatteryLoader/" tstamps="/5E7E12A3/"/>
      <tstamp>5E8358D4</tstamp>
    </comp>
    <comp ref="CSTOR2">
      <value>4.7 uF</value>
      <footprint>Capacitor_SMD:CP_Elec_6.3x5.3</footprint>
      <datasheet>~</datasheet>
      <libsource lib="Device" part="C" description="Unpolarized capacitor"/>
      <sheetpath names="/BatteryLoader/" tstamps="/5E7E12A3/"/>
      <tstamp>5E835934</tstamp>
    </comp>
    <comp ref="ROV2">
      <value>7.32 M</value>
      <footprint>Resistor_SMD:R_0805_2012Metric_Pad1.15x1.40mm_HandSolder</footprint>
      <datasheet>~</datasheet>
      <libsource lib="Device" part="R" description="Resistor"/>
      <sheetpath names="/BatteryLoader/" tstamps="/5E7E12A3/"/>
      <tstamp>5E836E18</tstamp>
    </comp>
    <comp ref="ROV1">
      <value>5.62 M</value>
      <footprint>Resistor_SMD:R_1206_3216Metric_Pad1.42x1.75mm_HandSolder</footprint>
      <datasheet>~</datasheet>
      <libsource lib="Device" part="R" description="Resistor"/>
      <sheetpath names="/BatteryLoader/" tstamps="/5E7E12A3/"/>
      <tstamp>5E836ECF</tstamp>
    </comp>
    <comp ref="ROK3">
      <value>1.3 M</value>
      <footprint>Resistor_SMD:R_1206_3216Metric_Pad1.42x1.75mm_HandSolder</footprint>
      <datasheet>~</datasheet>
      <libsource lib="Device" part="R" description="Resistor"/>
      <sheetpath names="/BatteryLoader/" tstamps="/5E7E12A3/"/>
      <tstamp>5E836F59</tstamp>
    </comp>
    <comp ref="ROK2">
      <value>6.34 M</value>
      <footprint>Resistor_SMD:R_0805_2012Metric_Pad1.15x1.40mm_HandSolder</footprint>
      <datasheet>~</datasheet>
      <libsource lib="Device" part="R" description="Resistor"/>
      <sheetpath names="/BatteryLoader/" tstamps="/5E7E12A3/"/>
      <tstamp>5E83700D</tstamp>
    </comp>
    <comp ref="ROK1">
      <value>5.23</value>
      <footprint>Resistor_SMD:R_1206_3216Metric_Pad1.42x1.75mm_HandSolder</footprint>
      <datasheet>~</datasheet>
      <libsource lib="Device" part="R" description="Resistor"/>
      <sheetpath names="/BatteryLoader/" tstamps="/5E7E12A3/"/>
      <tstamp>5E8370A5</tstamp>
    </comp>
    <comp ref="BT1">
      <value>Battery_Cell</value>
      <footprint>Connector_PinHeader_2.54mm:PinHeader_1x02_P2.54mm_Vertical</footprint>
      <datasheet>~</datasheet>
      <libsource lib="Device" part="Battery_Cell" description="Single-cell battery"/>
      <sheetpath names="/BatteryLoader/" tstamps="/5E7E12A3/"/>
      <tstamp>5E8453D4</tstamp>
    </comp>
    <comp ref="C6">
      <value>1u</value>
      <footprint>Capacitor_SMD:C_0603_1608Metric_Pad1.05x0.95mm_HandSolder</footprint>
      <datasheet>~</datasheet>
      <libsource lib="Device" part="C" description="Unpolarized capacitor"/>
      <sheetpath names="/BatteryLoader/" tstamps="/5E7E12A3/"/>
      <tstamp>5E84B5C8</tstamp>
    </comp>
    <comp ref="J6">
      <value>conn_meas_battery</value>
      <footprint>Connector_PinHeader_2.54mm:PinHeader_1x02_P2.54mm_Vertical</footprint>
      <datasheet>~</datasheet>
      <libsource lib="Connector" part="Conn_01x02_Female" description="Generic connector, single row, 01x02, script generated (kicad-library-utils/schlib/autogen/connector/)"/>
      <sheetpath names="/BatteryLoader/" tstamps="/5E7E12A3/"/>
      <tstamp>5E867A15</tstamp>
    </comp>
    <comp ref="J7">
      <value>Conn_3V3_2</value>
      <footprint>Connector_PinHeader_2.54mm:PinHeader_1x08_P2.54mm_Vertical</footprint>
      <datasheet>~</datasheet>
      <libsource lib="Connector" part="Conn_01x08_Female" description="Generic connector, single row, 01x08, script generated (kicad-library-utils/schlib/autogen/connector/)"/>
      <sheetpath names="/BatteryLoader/" tstamps="/5E7E12A3/"/>
      <tstamp>5E81FBA9</tstamp>
    </comp>
    <comp ref="J8">
      <value>Conn_3V3</value>
      <footprint>Connector_PinHeader_2.54mm:PinHeader_1x08_P2.54mm_Vertical</footprint>
      <datasheet>~</datasheet>
      <libsource lib="Connector" part="Conn_01x08_Female" description="Generic connector, single row, 01x08, script generated (kicad-library-utils/schlib/autogen/connector/)"/>
      <sheetpath names="/BatteryLoader/" tstamps="/5E7E12A3/"/>
      <tstamp>5E81FCA5</tstamp>
    </comp>
    <comp ref="J9">
      <value>Conn_GND</value>
      <footprint>Connector_PinHeader_2.54mm:PinHeader_1x08_P2.54mm_Vertical</footprint>
      <datasheet>~</datasheet>
      <libsource lib="Connector" part="Conn_01x08_Female" description="Generic connector, single row, 01x08, script generated (kicad-library-utils/schlib/autogen/connector/)"/>
      <sheetpath names="/BatteryLoader/" tstamps="/5E7E12A3/"/>
      <tstamp>5E8200CA</tstamp>
    </comp>
    <comp ref="J10">
      <value>Conn_GND_2</value>
      <footprint>Connector_PinHeader_2.54mm:PinHeader_1x08_P2.54mm_Vertical</footprint>
      <datasheet>~</datasheet>
      <libsource lib="Connector" part="Conn_01x08_Female" description="Generic connector, single row, 01x08, script generated (kicad-library-utils/schlib/autogen/connector/)"/>
      <sheetpath names="/BatteryLoader/" tstamps="/5E7E12A3/"/>
      <tstamp>5E820156</tstamp>
    </comp>
    <comp ref="J5">
      <value>conn_meas_VREF_Sample</value>
      <footprint>Connector_PinHeader_2.54mm:PinHeader_1x02_P2.54mm_Vertical</footprint>
      <datasheet>~</datasheet>
      <libsource lib="Connector" part="Conn_01x02_Female" description="Generic connector, single row, 01x02, script generated (kicad-library-utils/schlib/autogen/connector/)"/>
      <sheetpath names="/BatteryLoader/" tstamps="/5E7E12A3/"/>
      <tstamp>5E82082A</tstamp>
    </comp>
    <comp ref="U3">
      <value>AP7365-WG-7</value>
      <footprint>extraFootprints:AP7365-WG-7</footprint>
      <libsource lib="AP7365" part="AP7365-WG-7" description=""/>
      <sheetpath names="/BatteryLoader/" tstamps="/5E7E12A3/"/>
      <tstamp>5E83BC83</tstamp>
    </comp>
    <comp ref="C5">
      <value>1u</value>
      <footprint>Capacitor_SMD:C_0603_1608Metric_Pad1.05x0.95mm_HandSolder</footprint>
      <datasheet>~</datasheet>
      <libsource lib="Device" part="C" description="Unpolarized capacitor"/>
      <sheetpath names="/BatteryLoader/" tstamps="/5E7E12A3/"/>
      <tstamp>5E8547C7</tstamp>
    </comp>
  </components>
  <libparts>
    <libpart lib="AP7365" part="AP7365-WG-7">
      <footprints>
        <fp>SOT25</fp>
        <fp>SOT25-M</fp>
        <fp>SOT25-L</fp>
      </footprints>
      <fields>
        <field name="Reference">U</field>
        <field name="Value">AP7365-WG-7</field>
        <field name="Footprint">SOT25</field>
      </fields>
      <pins>
        <pin num="1" name="IN" type="input"/>
        <pin num="2" name="GND" type="power_in"/>
        <pin num="3" name="EN" type="unspc"/>
        <pin num="4" name="NC" type="NotConnected"/>
        <pin num="5" name="OUT" type="output"/>
      </pins>
    </libpart>
    <libpart lib="BQ25505RGRR" part="BQ25505RGRR">
      <footprints>
        <fp>RGR20_2P05X2P05</fp>
      </footprints>
      <fields>
        <field name="Reference">U</field>
        <field name="Value">BQ25505RGRR</field>
        <field name="Footprint">RGR20_2P05X2P05</field>
      </fields>
      <pins>
        <pin num="1" name="VSS" type="input"/>
        <pin num="2" name="VIN_DC" type="input"/>
        <pin num="3" name="VOC_SAMP" type="input"/>
        <pin num="4" name="VREF_SAMP" type="input"/>
        <pin num="5" name="*EN" type="input"/>
        <pin num="6" name="NC" type="input"/>
        <pin num="7" name="VBAT_OV" type="power_in"/>
        <pin num="8" name="VRDIV" type="output"/>
        <pin num="9" name="*VB_SEC_ON" type="output"/>
        <pin num="10" name="*VB_PRI_ON" type="output"/>
        <pin num="11" name="OK_HYST" type="input"/>
        <pin num="12" name="OK_PROG" type="input"/>
        <pin num="13" name="VBAT_OK" type="output"/>
        <pin num="14" name="VBAT_PRI" type="input"/>
        <pin num="15" name="VSS" type="power_in"/>
        <pin num="16" name="NC" type="input"/>
        <pin num="17" name="NC" type="input"/>
        <pin num="18" name="VBAT_SEC" type="BiDi"/>
        <pin num="19" name="VSTOR" type="output"/>
        <pin num="20" name="LBOOST" type="input"/>
        <pin num="21" name="EPAD" type="unspc"/>
      </pins>
    </libpart>
    <libpart lib="Connector" part="Conn_01x02_Female">
      <description>Generic connector, single row, 01x02, script generated (kicad-library-utils/schlib/autogen/connector/)</description>
      <docs>~</docs>
      <footprints>
        <fp>Connector*:*_1x??_*</fp>
      </footprints>
      <fields>
        <field name="Reference">J</field>
        <field name="Value">Conn_01x02_Female</field>
      </fields>
      <pins>
        <pin num="1" name="Pin_1" type="passive"/>
        <pin num="2" name="Pin_2" type="passive"/>
      </pins>
    </libpart>
    <libpart lib="Connector" part="Conn_01x08_Female">
      <description>Generic connector, single row, 01x08, script generated (kicad-library-utils/schlib/autogen/connector/)</description>
      <docs>~</docs>
      <footprints>
        <fp>Connector*:*_1x??_*</fp>
      </footprints>
      <fields>
        <field name="Reference">J</field>
        <field name="Value">Conn_01x08_Female</field>
      </fields>
      <pins>
        <pin num="1" name="Pin_1" type="passive"/>
        <pin num="2" name="Pin_2" type="passive"/>
        <pin num="3" name="Pin_3" type="passive"/>
        <pin num="4" name="Pin_4" type="passive"/>
        <pin num="5" name="Pin_5" type="passive"/>
        <pin num="6" name="Pin_6" type="passive"/>
        <pin num="7" name="Pin_7" type="passive"/>
        <pin num="8" name="Pin_8" type="passive"/>
      </pins>
    </libpart>
    <libpart lib="Device" part="Battery_Cell">
      <description>Single-cell battery</description>
      <docs>~</docs>
      <fields>
        <field name="Reference">BT</field>
        <field name="Value">Battery_Cell</field>
      </fields>
      <pins>
        <pin num="1" name="+" type="passive"/>
        <pin num="2" name="-" type="passive"/>
      </pins>
    </libpart>
    <libpart lib="Device" part="C">
      <description>Unpolarized capacitor</description>
      <docs>~</docs>
      <footprints>
        <fp>C_*</fp>
      </footprints>
      <fields>
        <field name="Reference">C</field>
        <field name="Value">C</field>
      </fields>
      <pins>
        <pin num="1" name="~" type="passive"/>
        <pin num="2" name="~" type="passive"/>
      </pins>
    </libpart>
    <libpart lib="Device" part="CP">
      <description>Polarized capacitor</description>
      <docs>~</docs>
      <footprints>
        <fp>CP_*</fp>
      </footprints>
      <fields>
        <field name="Reference">C</field>
        <field name="Value">CP</field>
      </fields>
      <pins>
        <pin num="1" name="~" type="passive"/>
        <pin num="2" name="~" type="passive"/>
      </pins>
    </libpart>
    <libpart lib="Device" part="L">
      <description>Inductor</description>
      <docs>~</docs>
      <footprints>
        <fp>Choke_*</fp>
        <fp>*Coil*</fp>
        <fp>Inductor_*</fp>
        <fp>L_*</fp>
      </footprints>
      <fields>
        <field name="Reference">L</field>
        <field name="Value">L</field>
      </fields>
      <pins>
        <pin num="1" name="1" type="passive"/>
        <pin num="2" name="2" type="passive"/>
      </pins>
    </libpart>
    <libpart lib="Device" part="R">
      <description>Resistor</description>
      <docs>~</docs>
      <footprints>
        <fp>R_*</fp>
      </footprints>
      <fields>
        <field name="Reference">R</field>
        <field name="Value">R</field>
      </fields>
      <pins>
        <pin num="1" name="~" type="passive"/>
        <pin num="2" name="~" type="passive"/>
      </pins>
    </libpart>
    <libpart lib="SPV1050TTR" part="SPV1050TTR">
      <fields>
        <field name="Reference">U</field>
        <field name="Value">SPV1050TTR</field>
        <field name="Footprint">QFN40P300X300X100-21N</field>
        <field name="Datasheet">ST microelectronics</field>
      </fields>
      <pins>
        <pin num="1" name="MPP" type="input"/>
        <pin num="2" name="MPP_SET" type="input"/>
        <pin num="3" name="MPP_REF" type="input"/>
        <pin num="4" name="GND" type="power_in"/>
        <pin num="5" name="LDO1_EN" type="input"/>
        <pin num="6" name="LDO2_EN" type="input"/>
        <pin num="7" name="BATT_CHG" type="output"/>
        <pin num="8" name="BATT_CONN" type="output"/>
        <pin num="9" name="EOC" type="input"/>
        <pin num="10" name="UVP" type="input"/>
        <pin num="11" name="LDO1" type="output"/>
        <pin num="12" name="LDO2" type="output"/>
        <pin num="13" name="CONF" type="input"/>
        <pin num="14" name="BATT" type="BiDi"/>
        <pin num="15" name="STORE" type="BiDi"/>
        <pin num="16" name="IN_LV" type="input"/>
        <pin num="18" name="PGND" type="power_in"/>
        <pin num="19" name="L_HV" type="input"/>
        <pin num="20" name="IN_HV" type="input"/>
        <pin num="21" name="EXP" type="power_in"/>
      </pins>
    </libpart>
  </libparts>
  <libraries>
    <library logical="AP7365">
      <uri>C:/Users/Gebruiker/Documents/1 School/Master/LaboEmbeddedSystems2GitHubMap/Embedded-Systems-II-Lab/VoedingDesign_pcb/extraFootprints/AP7365.lib</uri>
    </library>
    <library logical="BQ25505RGRR">
      <uri>C:/Users/Gebruiker/Documents/1 School/Master/LaboEmbeddedSystems2GitHubMap/Embedded-Systems-II-Lab/VoedingDesign_pcb/extraFootprints/BQ25505RGRR.lib</uri>
    </library>
    <library logical="Connector">
      <uri>C:\Program Files\KiCad\share\kicad\library/Connector.lib</uri>
    </library>
    <library logical="Device">
      <uri>C:\Program Files\KiCad\share\kicad\library/Device.lib</uri>
    </library>
    <library logical="SPV1050TTR">
      <uri>C:/Users/Gebruiker/Documents/1 School/Master/LaboEmbeddedSystems2GitHubMap/Embedded-Systems-II-Lab/VoedingDesign_pcb/extraFootprints/SPV1050TTR.lib</uri>
    </library>
  </libraries>
  <nets>
    <net code="1" name="/BatteryLoader/input">
      <node ref="CIN1_2" pin="1"/>
      <node ref="L2" pin="2"/>
      <node ref="U2" pin="2"/>
      <node ref="J4" pin="2"/>
      <node ref="C3" pin="1"/>
      <node ref="U1" pin="12"/>
    </net>
    <net code="2" name="Net-(R5-Pad1)">
      <node ref="U1" pin="9"/>
      <node ref="R5" pin="1"/>
      <node ref="R6" pin="2"/>
    </net>
    <net code="3" name="Net-(L1-Pad1)">
      <node ref="U1" pin="19"/>
      <node ref="L1" pin="1"/>
    </net>
    <net code="4" name="Net-(C1-Pad2)">
      <node ref="C1" pin="2"/>
      <node ref="U1" pin="3"/>
    </net>
    <net code="5" name="Net-(R4-Pad2)">
      <node ref="R4" pin="2"/>
      <node ref="R7" pin="1"/>
    </net>
    <net code="6" name="Net-(J3-Pad1)">
      <node ref="J3" pin="1"/>
      <node ref="U1" pin="7"/>
    </net>
    <net code="7" name="Net-(J3-Pad2)">
      <node ref="U1" pin="8"/>
      <node ref="J3" pin="2"/>
    </net>
    <net code="8" name="Net-(SUPERCAP1-Pad1)">
      <node ref="SUPERCAP1" pin="1"/>
      <node ref="U1" pin="14"/>
    </net>
    <net code="9" name="Net-(C2-Pad1)">
      <node ref="R5" pin="2"/>
      <node ref="C2" pin="1"/>
      <node ref="U1" pin="10"/>
      <node ref="R4" pin="1"/>
    </net>
    <net code="10" name="GND">
      <node ref="J9" pin="8"/>
      <node ref="J9" pin="7"/>
      <node ref="J10" pin="1"/>
      <node ref="J10" pin="2"/>
      <node ref="J10" pin="3"/>
      <node ref="J10" pin="5"/>
      <node ref="J9" pin="1"/>
      <node ref="J9" pin="2"/>
      <node ref="J10" pin="6"/>
      <node ref="J10" pin="7"/>
      <node ref="J10" pin="8"/>
      <node ref="J10" pin="4"/>
      <node ref="J5" pin="1"/>
      <node ref="U3" pin="2"/>
      <node ref="C5" pin="2"/>
      <node ref="BT1" pin="2"/>
      <node ref="C6" pin="2"/>
      <node ref="CIN1_2" pin="2"/>
      <node ref="CREF2" pin="2"/>
      <node ref="U2" pin="1"/>
      <node ref="U2" pin="5"/>
      <node ref="ROK1" pin="2"/>
      <node ref="ROV1" pin="2"/>
      <node ref="J6" pin="2"/>
      <node ref="J9" pin="3"/>
      <node ref="J9" pin="4"/>
      <node ref="J9" pin="5"/>
      <node ref="U2" pin="6"/>
      <node ref="U2" pin="14"/>
      <node ref="U2" pin="15"/>
      <node ref="U2" pin="16"/>
      <node ref="U2" pin="17"/>
      <node ref="J9" pin="6"/>
      <node ref="CSTOR2" pin="2"/>
      <node ref="CBYP1" pin="2"/>
      <node ref="Cin1_1" pin="2"/>
      <node ref="J2" pin="1"/>
      <node ref="J4" pin="1"/>
      <node ref="C2" pin="2"/>
      <node ref="SUPERCAP1" pin="2"/>
      <node ref="U1" pin="21"/>
      <node ref="U1" pin="18"/>
      <node ref="C4" pin="2"/>
      <node ref="U1" pin="13"/>
      <node ref="U1" pin="5"/>
      <node ref="U1" pin="4"/>
      <node ref="C3" pin="2"/>
      <node ref="C1" pin="1"/>
      <node ref="R3" pin="2"/>
      <node ref="CSTORE1" pin="2"/>
      <node ref="J1" pin="1"/>
      <node ref="R6" pin="1"/>
    </net>
    <net code="11" name="Net-(Cin1_1-Pad1)">
      <node ref="U1" pin="20"/>
      <node ref="J1" pin="2"/>
      <node ref="J2" pin="2"/>
      <node ref="Cin1_1" pin="1"/>
      <node ref="R1" pin="1"/>
    </net>
    <net code="12" name="Net-(R2-Pad2)">
      <node ref="U1" pin="2"/>
      <node ref="R3" pin="1"/>
      <node ref="R2" pin="2"/>
    </net>
    <net code="13" name="Net-(R1-Pad2)">
      <node ref="U1" pin="1"/>
      <node ref="R2" pin="1"/>
      <node ref="R1" pin="2"/>
    </net>
    <net code="14" name="Net-(C4-Pad1)">
      <node ref="U1" pin="11"/>
      <node ref="C4" pin="1"/>
    </net>
    <net code="15" name="Net-(CSTORE1-Pad1)">
      <node ref="CSTORE1" pin="1"/>
      <node ref="U1" pin="6"/>
      <node ref="U1" pin="15"/>
      <node ref="R7" pin="2"/>
    </net>
    <net code="16" name="Net-(L1-Pad2)">
      <node ref="L1" pin="2"/>
      <node ref="U1" pin="16"/>
    </net>
    <net code="17" name="Net-(U3-Pad4)">
      <node ref="U3" pin="4"/>
    </net>
    <net code="18" name="Net-(BT1-Pad1)">
      <node ref="J6" pin="1"/>
      <node ref="U2" pin="18"/>
      <node ref="BT1" pin="1"/>
    </net>
    <net code="19" name="Net-(ROV1-Pad1)">
      <node ref="U2" pin="7"/>
      <node ref="ROV1" pin="1"/>
      <node ref="ROV2" pin="2"/>
    </net>
    <net code="20" name="Net-(U2-Pad13)">
      <node ref="U2" pin="13"/>
    </net>
    <net code="21" name="Net-(C5-Pad1)">
      <node ref="U2" pin="19"/>
      <node ref="C5" pin="1"/>
      <node ref="U2" pin="3"/>
      <node ref="U3" pin="1"/>
      <node ref="U3" pin="3"/>
      <node ref="CSTOR2" pin="1"/>
      <node ref="CBYP1" pin="1"/>
    </net>
    <net code="22" name="Net-(U2-Pad10)">
      <node ref="U2" pin="10"/>
    </net>
    <net code="23" name="Net-(ROK1-Pad1)">
      <node ref="ROK1" pin="1"/>
      <node ref="ROK2" pin="2"/>
      <node ref="U2" pin="12"/>
    </net>
    <net code="24" name="Net-(L2-Pad1)">
      <node ref="U2" pin="20"/>
      <node ref="L2" pin="1"/>
    </net>
    <net code="25" name="Net-(U2-Pad9)">
      <node ref="U2" pin="9"/>
    </net>
    <net code="26" name="Net-(CREF2-Pad1)">
      <node ref="CREF2" pin="1"/>
      <node ref="U2" pin="4"/>
      <node ref="J5" pin="2"/>
    </net>
    <net code="27" name="Net-(U2-Pad21)">
      <node ref="U2" pin="21"/>
    </net>
    <net code="28" name="Net-(C6-Pad1)">
      <node ref="J7" pin="1"/>
      <node ref="J8" pin="3"/>
      <node ref="J7" pin="5"/>
      <node ref="J7" pin="4"/>
      <node ref="J7" pin="3"/>
      <node ref="J7" pin="2"/>
      <node ref="U3" pin="5"/>
      <node ref="J8" pin="1"/>
      <node ref="J8" pin="4"/>
      <node ref="J8" pin="8"/>
      <node ref="J8" pin="5"/>
      <node ref="J8" pin="7"/>
      <node ref="J8" pin="6"/>
      <node ref="J8" pin="2"/>
      <node ref="J7" pin="8"/>
      <node ref="J7" pin="7"/>
      <node ref="C6" pin="1"/>
      <node ref="J7" pin="6"/>
    </net>
    <net code="29" name="Net-(ROK2-Pad1)">
      <node ref="U2" pin="11"/>
      <node ref="ROK3" pin="2"/>
      <node ref="ROK2" pin="1"/>
    </net>
    <net code="30" name="Net-(ROK3-Pad1)">
      <node ref="U2" pin="8"/>
      <node ref="ROK3" pin="1"/>
      <node ref="ROV2" pin="1"/>
    </net>
  </nets>
</export>
